<annotation>
	<folder>dataset</folder>
	<filename>1150.png</filename>
	<path>E:\mine\personal\prog\safety_cap\yolov3_keras\dataset\1150.png</path>
	<source>
		<database>Unknown</database>
	</source>
	<size>
		<width>1920</width>
		<height>1080</height>
		<depth>3</depth>
	</size>
	<segmented>0</segmented>
	<object>
		<name>person</name>
		<pose>Unspecified</pose>
		<truncated>0</truncated>
		<difficult>0</difficult>
		<bndbox>
			<xmin>1113</xmin>
			<ymin>593</ymin>
			<xmax>1160</xmax>
			<ymax>873</ymax>
		</bndbox>
	</object>
	<object>
		<name>person</name>
		<pose>Unspecified</pose>
		<truncated>0</truncated>
		<difficult>0</difficult>
		<bndbox>
			<xmin>1238</xmin>
			<ymin>584</ymin>
			<xmax>1317</xmax>
			<ymax>845</ymax>
		</bndbox>
	</object>
	<object>
		<name>person</name>
		<pose>Unspecified</pose>
		<truncated>0</truncated>
		<difficult>0</difficult>
		<bndbox>
			<xmin>1151</xmin>
			<ymin>558</ymin>
			<xmax>1211</xmax>
			<ymax>799</ymax>
		</bndbox>
	</object>
	<object>
		<name>cap</name>
		<pose>Unspecified</pose>
		<truncated>0</truncated>
		<difficult>0</difficult>
		<bndbox>
			<xmin>1125</xmin>
			<ymin>595</ymin>
			<xmax>1168</xmax>
			<ymax>622</ymax>
		</bndbox>
	</object>
	<object>
		<name>cap</name>
		<pose>Unspecified</pose>
		<truncated>0</truncated>
		<difficult>0</difficult>
		<bndbox>
			<xmin>1156</xmin>
			<ymin>561</ymin>
			<xmax>1196</xmax>
			<ymax>590</ymax>
		</bndbox>
	</object>
	<object>
		<name>cap</name>
		<pose>Unspecified</pose>
		<truncated>0</truncated>
		<difficult>0</difficult>
		<bndbox>
			<xmin>1262</xmin>
			<ymin>585</ymin>
			<xmax>1305</xmax>
			<ymax>620</ymax>
		</bndbox>
	</object>
</annotation>
